1,UpdateUser,mthakkar,Password1.,Maharshi,Thakkar,Admin,6824728844,abc@gmail.com, Greek Row,Basic,AJX2019,534363,02-01-2018,,
2,UpdateUser,,Password1.,Maharshi,Thakkar,Admin,6824728845,abc@gmail.com, Greek Row,Basic,AJX2020,534364,03-01-2018,Please correct the following errors,Username cannot be blank
3,UpdateUser,mthakkar,Password1.,Maharshi,Thakkar,Admin,6824728846,abc@gmail.com, Greek Row,Basic,AJX2021,534365,04-01-2018,,
4,UpdateUser,mthakkar,Password1.,Maharshi,Thakkar,Admin,6824728847,abc@gmail.com, Greek Row,Basic,AJX2022,534366,05-01-2018,,
5,UpdateUser,mthakkar,Password1.,Maharshi,Thakkar,Admin,6824728848,abc@gmail.com, Greek Row,Basic,AJX2023,534367,06-01-2018,,
6,UpdateUser,mthakkar,Password1.,Maharshi,Thakkar,Admin,6824728849,abc@gmail.com, Greek Row,Basic,AJX2024,534368,07-01-2018,,
7,UpdateUser,mthakkar,Password1.,Maharshi,Thakkar,Admin,6824728850,abc@gmail.com, Greek Row,Basic,AJX2025,534369,08-01-2018,,
8,UpdateUser,mthakkar,Password1.,Maharshi,Thakkar,Admin,6824728851,abc@gmail.com, Greek Row,Basic,AJX2026,534370,09-01-2018,,
9,UpdateUser,mthakkar,Password1.,Maharshi,Thakkar,Admin,6824728852,abc@gmail.com, Greek Row,Basic,AJX2027,534371,10-01-2018,,
10,UpdateUser,mthakkar,Password1.,Maharshi,Thakkar,Admin,6824728853,abc@gmail.com, Greek Row,Basic,AJX2028,534372,11-01-2018,,
11,UpdateUser,mthakkar,Password1.,Maharshi,Thakkar,Admin,6824728854,abc@gmail.com, Greek Row,Basic,AJX2029,534373,12-01-2018,,
12,UpdateUser,mthakkar,Password1.,Maharshi,Thakkar,Admin,6824728855,abc@gmail.com, Greek Row,Basic,AJX2030,534374,13-01-2018,,
13,UpdateUser,mthakkar,Password1.,Maharshi,Thakkar,Admin,6824728856,abc@gmail.com, Greek Row,Basic,AJX2031,534375,14-01-2018,,
14,UpdateUser,mthakkar,Password1.,Maharshi,Thakkar,Admin,6824728857,abc@gmail.com, Greek Row,Basic,AJX2032,534376,15-01-2018,,
15,UpdateUser,mthakkar,Password1.,Maharshi,Thakkar,Admin,6824728858,abc@gmail.com, Greek Row,Basic,AJX2033,534377,16-01-2018,,
16,UpdateUser,mthakkar,Password1.,Maharshi,Thakkar,Admin,6824728859,abc@gmail.com, Greek Row,Basic,AJX2034,534378,17-01-2018,,
17,UpdateUser,mthakkar,Password1.,Maharshi,Thakkar,Admin,6824728860,abc@gmail.com, Greek Row,Basic,AJX2035,534379,18-01-2018,,
18,UpdateUser,mthakkar,Password1.,Maharshi,Thakkar,Admin,6824728861,abc@gmail.com, Greek Row,Basic,AJX2036,534380,19-01-2018,,
19,UpdateUser,mthakkar,Password1.,Maharshi,Thakkar,Admin,6824728862,abc@gmail.com, Greek Row,Basic,AJX2037,534381,20-01-2018,,
20,UpdateUser,mthakkar,Password1.,Maharshi,Thakkar,Admin,6824728863,abc@gmail.com, Greek Row,Basic,AJX2038,534382,21-01-2018,,
21,UpdateUser,mthakkar,Password1.,Maharshi,Thakkar,Admin,6824728864,abc@gmail.com, Greek Row,Basic,AJX2039,534383,22-01-2018,,
22,UpdateUser,mthakkar,Password1.,Maharshi,Thakkar,Admin,6824728865,abc@gmail.com, Greek Row,Basic,AJX2040,534384,23-01-2018,,
23,UpdateUser,mthakkar,Password1.,Maharshi,Thakkar,Admin,6824728866,abc@gmail.com, Greek Row,Basic,AJX2041,534385,24-01-2018,,
24,UpdateUser,mthakkar,Password1.,Maharshi,Thakkar,Admin,6824728867,abc@gmail.com, Greek Row,Basic,AJX2042,534386,25-01-2018,,
25,UpdateUser,mthakkar,Password1.,Maharshi,Thakkar,Admin,6824728868,abc@gmail.com, Greek Row,Basic,AJX2043,534387,26-01-2018,,
26,UpdateUser,mthakkar,Password1.,Maharshi,Thakkar,Admin,6824728869,abc@gmail.com, Greek Row,Basic,AJX2044,534388,27-01-2018,,
27,UpdateUser,mthakkar,Password1.,Maharshi,Thakkar,Admin,6824728870,abc@gmail.com, Greek Row,Basic,AJX2045,534389,28-01-2018,,
28,UpdateUser,mthakkar,Password1.,Maharshi,Thakkar,Admin,6824728871,abc@gmail.com, Greek Row,Basic,AJX2046,534390,29-01-2018,,
29,UpdateUser,mthakkar,Password1.,Maharshi,Thakkar,Admin,6824728872,abc@gmail.com, Greek Row,Basic,AJX2047,534391,30-01-2018,,
30,UpdateUser,mthakkar,Password1.,Maharshi,Thakkar,Admin,6824728873,abc@gmail.com, Greek Row,Basic,AJX2048,534392,31-01-2018,,
